size,n,dt,dx,a,xmed,stdvar,skew,iter,time,program_time,a_real,xmod_real,stdvar_real,skew_real,real_time,Minkows_5
100,256,1E-20,0.3906,99.99999997,20.00025357,5.0404767,-2.29E-06,55067,5.507E-16,12.4787037373,100,20.00020589,5.04047639,0,2.1739558415E-14,2.29002082055604E-06
100,256,5E-20,0.3906,99.99999997,20.00243275,5.04048109,-2.3E-06,11014,5.507E-16,2.5014739037,100,20.00238528,5.04048079,0,2.1740742867E-14,2.30001736691622E-06
100,256,1E-19,0.3906,99.99999997,20.00243275,5.04048109,-2.3E-06,5507,5.507E-16,1.2393360138,100,20.00238528,5.04048079,0,2.1740742867E-14,2.30001736691622E-06
100,256,5E-19,0.3906,99.99999997,20.02422452,5.04052504,-2.36E-06,1102,5.51E-16,0.2481629848,100,20.02417913,5.04052473,0,2.1752587364E-14,2.36001845811516E-06
100,256,1E-18,0.3906,99.99999997,20.02422452,5.04052504,-2.36E-06,551,5.51E-16,0.1271879673,100,20.02417913,5.04052473,0,2.1752587364E-14,2.36001845811516E-06
100,256,5E-18,0.3906,99.99999995,20.31478146,5.04111327,-3.43E-06,111,5.55E-16,0.0256640911,100,20.31473813,5.04111284,0,2.1910502232E-14,3.43002124220747E-06
100,256,1E-17,0.3906,99.99999991,20.67797761,5.04185454,-5.45E-06,56,5.6E-16,0.0131523609,100,20.67793068,5.04185386,0,2.2107893027E-14,5.45003296104223E-06
100,256,5E-17,0.3906,99.9999972,23.58354142,5.0480397,-0.00017308,12,6E-16,0.0030345917,100,23.58349541,5.04801704,0,2.3687029366E-14,0.00017308133152
100,256,1E-16,0.3906,99.9999972,23.58354142,5.0480397,-0.00017308,6,6E-16,0.0016548634,100,23.58349541,5.04801704,0,2.3687029366E-14,0.00017308133152
100,256,5E-16,0.3906,99.999926,24.8861318,5.51081906,-0.00459142,4,2E-15,0.0012309551,100,24.88608853,5.05091545,0,2.4394971015E-14,0.459903610009123
100,512,1E-20,0.1953,99.99999998,20.00025356,5.04047679,-2.82E-06,55067,5.507E-16,15.4908456802,100,20.00020587,5.04047639,0,2.1739558408E-14,2.8200323834919E-06
100,512,5E-20,0.1953,99.99999998,20.00243273,5.04048118,-2.83E-06,11014,5.507E-16,3.1585884094,100,20.00238526,5.04048079,0,2.174074286E-14,2.83002813188317E-06
100,512,1E-19,0.1953,99.99999998,20.00243273,5.04048118,-2.83E-06,5507,5.507E-16,1.5621347427,100,20.00238526,5.04048079,0,2.174074286E-14,2.83002813188317E-06
100,512,5E-19,0.1953,99.99999998,20.02422451,5.04052513,-2.92E-06,1102,5.51E-16,0.3023822308,100,20.02417912,5.04052473,0,2.1752587357E-14,2.92002817022423E-06
100,512,1E-18,0.1953,99.99999998,20.02422451,5.04052513,-2.92E-06,551,5.51E-16,0.1487896442,100,20.02417912,5.04052473,0,2.1752587357E-14,2.92002817022423E-06
100,512,5E-18,0.1953,99.99999997,20.31478144,5.04111342,-4.25E-06,111,5.55E-16,0.03292799,100,20.31473811,5.04111284,0,2.1910502222E-14,4.25004023520155E-06
100,512,1E-17,0.1953,99.99999995,20.67797758,5.04185477,-6.77E-06,56,5.6E-16,0.0188891888,100,20.67793064,5.04185386,0,2.210789301E-14,6.77005941209639E-06
100,512,5E-17,0.1953,99.99999843,23.5835405,5.04804628,-0.00021041,12,6E-16,0.0038437843,100,23.58349449,5.04801704,0,2.3687028863E-14,0.000210412180934
100,512,1E-16,0.1953,99.99999843,23.5835405,5.04804628,-0.00021041,6,6E-16,0.0021262169,100,23.58349449,5.04801704,0,2.3687028863E-14,0.000210412180934
100,512,5E-16,0.1953,99.99995268,25.08252649,5.51116583,-0.0064347,4,2E-15,0.0016272068,100,25.0824915,5.05135972,0,2.4501711929E-14,0.45980611004936
100,1024,1E-20,0.09766,99.99999999,20.00025355,5.04047685,-3.16E-06,55067,5.507E-16,19.1703512669,100,20.00020587,5.04047639,0,2.1739558404E-14,3.16004131040665E-06
100,1024,5E-20,0.09766,99.99999999,20.00243273,5.04048124,-3.17E-06,11014,5.507E-16,3.9445166588,100,20.00238526,5.04048079,0,2.1740742856E-14,3.17003654647578E-06
100,1024,1E-19,0.09766,99.99999999,20.00243273,5.04048124,-3.17E-06,5507,5.507E-16,1.9472301006,100,20.00238526,5.04048079,0,2.1740742856E-14,3.17003654647578E-06
100,1024,5E-19,0.09766,99.99999999,20.0242245,5.0405252,-3.26E-06,1102,5.51E-16,0.3948230743,100,20.02417911,5.04052473,0,2.1752587353E-14,3.26004061047507E-06
100,1024,1E-18,0.09766,99.99999999,20.0242245,5.0405252,-3.26E-06,551,5.51E-16,0.1926229,100,20.02417911,5.04052473,0,2.1752587353E-14,3.26004061047507E-06
100,1024,5E-18,0.09766,99.99999998,20.31478143,5.04111351,-4.79E-06,111,5.55E-16,0.04464221,100,20.3147381,5.04111284,0,2.1910502215E-14,4.79005129235779E-06
100,1024,1E-17,0.09766,99.99999997,20.67797756,5.04185492,-7.58E-06,56,5.6E-16,0.0199503899,100,20.67793062,5.04185386,0,2.2107892999E-14,7.58008107243493E-06
100,1024,5E-17,0.09766,99.99999917,23.58353996,5.04805018,-0.00023244,12,6E-16,0.0047962666,100,23.58349395,5.04801704,0,2.3687028567E-14,0.000232442738664
100,1024,1E-16,0.09766,99.99999917,23.58353996,5.04805018,-0.00023244,6,6E-16,0.0025372505,100,23.58349395,5.04801704,0,2.3687028567E-14,0.000232442738664
100,1024,5E-16,0.09766,99.99997329,25.18042738,5.51138985,-0.00761255,4,2E-15,0.0019156933,100,25.18038019,5.05158186,0,2.4554915323E-14,0.459807990114387
100,2048,1E-20,0.04883,100,20.00025355,5.04047688,-3.35E-06,55067,5.507E-16,26.9882199764,100,20.00020586,5.04047639,0,2.1739558402E-14,3.35004485589598E-06
100,2048,5E-20,0.04883,100,20.00243272,5.04048128,-3.35E-06,11014,5.507E-16,5.313467741,100,20.00238525,5.04048079,0,2.1740742854E-14,3.35004485589598E-06
100,2048,1E-19,0.04883,100,20.00243272,5.04048128,-3.35E-06,5507,5.507E-16,2.6874542236,100,20.00238525,5.04048079,0,2.1740742854E-14,3.35004485589598E-06
100,2048,5E-19,0.04883,99.99999999,20.02422449,5.04052523,-3.45E-06,1102,5.51E-16,0.5356969833,100,20.02417911,5.04052473,0,2.1752587351E-14,3.4500441156349E-06
100,2048,1E-18,0.04883,99.99999999,20.02422449,5.04052523,-3.45E-06,551,5.51E-16,0.2697052956,100,20.02417911,5.04052473,0,2.1752587351E-14,3.4500441156349E-06
100,2048,5E-18,0.04883,99.99999999,20.31478142,5.04111356,-5.07E-06,111,5.55E-16,0.0573101044,100,20.31473809,5.04111284,0,2.1910502211E-14,5.07005856668022E-06
100,2048,1E-17,0.04883,99.99999999,20.67797755,5.04185499,-8E-06,56,5.6E-16,0.030995369,100,20.67793061,5.04185386,0,2.2107892993E-14,8.00008996063208E-06
100,2048,5E-17,0.04883,99.99999957,23.58353966,5.04805229,-0.00024441,12,6E-16,0.0064067841,100,23.58349365,5.04801704,0,2.3687028407E-14,0.000244413050274
100,2048,1E-16,0.04883,99.99999957,23.58353966,5.04805229,-0.00024441,6,6E-16,0.0035402775,100,23.58349365,5.04801704,0,2.3687028407E-14,0.000244413050274
100,2048,5E-16,0.04883,99.99998583,25.22930362,5.51151677,-0.00827662,4,2E-15,0.0026564598,100,25.22925877,5.05169296,0,2.4581479756E-14,0.459823810173752
100,4096,1E-20,0.02441,100,20.00025354,5.0404769,-3.44E-06,55067,5.507E-16,42.2275083065,100,20.00020586,5.04047639,0,2.1739558401E-14,3.44004927591098E-06
100,4096,5E-20,0.02441,100,20.00243272,5.04048129,-3.45E-06,11014,5.507E-16,8.43379426,100,20.00238525,5.04048079,0,2.1740742853E-14,3.45004411563437E-06
100,4096,1E-19,0.02441,100,20.00243272,5.04048129,-3.45E-06,5507,5.507E-16,4.2191326618,100,20.00238525,5.04048079,0,2.1740742853E-14,3.45004411563437E-06
100,4096,5E-19,0.02441,100,20.02422449,5.04052525,-3.55E-06,1102,5.51E-16,0.8348705769,100,20.0241791,5.04052473,0,2.1752587349E-14,3.55004787641129E-06
100,4096,1E-18,0.02441,100,20.02422449,5.04052525,-3.55E-06,551,5.51E-16,0.4292531013,100,20.0241791,5.04052473,0,2.1752587349E-14,3.55004787641129E-06
100,4096,5E-18,0.02441,100,20.31478142,5.04111359,-5.21E-06,111,5.55E-16,0.0892710686,100,20.31473809,5.04111284,0,2.1910502209E-14,5.21006441317112E-06
100,4096,1E-17,0.02441,99.99999999,20.67797754,5.04185503,-8.21E-06,56,5.6E-16,0.048181057,100,20.67793061,5.04185386,0,2.210789299E-14,8.21009651092218E-06
100,4096,5E-17,0.02441,99.99999978,23.5835395,5.0480534,-0.00025069,12,6E-16,0.0102562904,100,23.58349349,5.04801704,0,2.3687028322E-14,0.000250693218031
100,4096,1E-16,0.02441,99.99999978,23.5835395,5.0480534,-0.00025069,6,6E-16,0.005600214,100,23.58349349,5.04801704,0,2.3687028322E-14,0.000250693218031
100,4096,5E-16,0.02441,99.9999927,25.25372317,5.51158427,-0.00862904,4,2E-15,0.0041224957,100,25.25367944,5.05174851,0,2.4594751862E-14,0.459835760214008
250,256,1E-20,0.9766,99.99700689,20.00000827,30.27012452,-0.02986151,2577202,2.577E-14,579.8644351959,100,19.99996056,5.0404759,0,2.1739425086E-14,25.22964862
250,256,5E-20,0.9766,99.99700688,20.00000827,30.27012452,-0.02986151,515442,2.577E-14,116.2997050285,100,19.99996056,5.0404759,0,2.1739425086E-14,25.22964862
250,256,1E-19,0.9766,99.99700688,20.00000827,30.27012452,-0.02986151,257722,2.577E-14,58.1959786415,100,19.99996056,5.0404759,0,2.1739425086E-14,25.22964862
250,256,5E-19,0.9766,99.99700688,20.00000827,30.27012452,-0.02986151,51546,2.577E-14,11.6004023552,100,19.99996056,5.0404759,0,2.1739425086E-14,25.22964862
250,256,1E-18,0.9766,99.99700688,20.00000827,30.27012452,-0.02986151,25774,2.577E-14,5.8001654148,100,19.99996056,5.0404759,0,2.1739425086E-14,25.22964862
250,256,5E-18,0.9766,99.99700227,20.00454408,30.27359504,-0.02991196,5157,2.579E-14,1.1684117317,100,20.00449681,5.04048504,0,2.1741890442E-14,25.23311
250,256,1E-17,0.9766,99.99699457,20.01210329,30.27937945,-0.02999616,2580,2.58E-14,0.6051058769,100,20.01205676,5.04050028,0,2.174599911E-14,25.23887917
250,256,5E-17,0.9766,99.99696364,20.04233425,30.30251984,-0.03033471,518,2.59E-14,0.1221351624,100,20.04229053,5.04056127,0,2.1762430529E-14,25.26195857
250,256,1E-16,0.9766,99.99696364,20.04233425,30.30251984,-0.03033471,260,2.6E-14,0.0633358955,100,20.04229053,5.04056127,0,2.1762430529E-14,25.26195857
250,256,5E-16,0.9766,99.99664187,20.34410936,30.53417027,-0.03387287,54,2.7E-14,0.01242733,100,20.34405992,5.04117243,0,2.1926438823E-14,25.49299784
250,512,1E-20,0.4883,99.99634454,20.00060368,24.67726627,-2.90235809,63663,6.366E-16,16.954836607,100,20.00055604,5.0404771,0,2.1739748714E-14,19.6370661770387
250,512,5E-20,0.4883,99.99634422,20.00188073,24.67797736,-2.90238233,12733,6.367E-16,3.4272444248,100,20.0018332,5.04047967,0,2.1740442827E-14,19.6377746686305
250,512,1E-19,0.4883,99.99634344,20.00507334,24.67975507,-2.90244293,6367,6.367E-16,1.7001664639,100,20.00502613,5.04048611,0,2.1742178115E-14,19.6395458676301
250,512,5E-19,0.4883,99.99633876,20.02422935,24.69042096,-2.90280634,1274,6.37E-16,0.3433434963,100,20.02418396,5.04052474,0,2.1752589989E-14,19.6501727021162
250,512,1E-18,0.4883,99.99633876,20.02422935,24.69042096,-2.90280634,637,6.37E-16,0.1727263927,100,20.02418396,5.04052474,0,2.1752589989E-14,19.6501727021162
250,512,5E-18,0.4883,99.9962916,20.21581822,24.7970449,-2.90642464,128,6.4E-16,0.0368413925,100,20.2157743,5.04091206,0,2.185671673E-14,19.7564051136465
250,512,1E-17,0.4883,99.9962916,20.21581822,24.7970449,-2.90642464,64,6.4E-16,0.0193946362,100,20.2157743,5.04091206,0,2.185671673E-14,19.7564051136465
250,512,5E-17,0.4883,99.99613051,20.8548331,25.15198539,-2.91828345,13,6.5E-16,0.0038616657,100,20.85479165,5.04221707,0,2.2204014099E-14,20.110027157924
250,512,1E-16,0.4883,99.99522557,24.05959226,26.91419466,-2.97354905,7,7E-16,0.0022425652,100,24.05955608,5.04906662,0,2.3945760441E-14,21.8653314579856
250,512,5E-16,0.4883,99.98249003,43.91691541,36.52979997,-3.26669845,2,1E-15,0.0008881092,100,43.91688546,5.10271356,-6.87E-06,3.4737946296E-14,31.4271626797064
250,1024,1E-20,0.2441,100,20.00025364,5.04047649,0,55067,5.507E-16,18.8588459492,100,20.00020596,5.04047639,0,2.1739558454E-14,9.99999993922528E-08
250,1024,5E-20,0.2441,100,20.00243282,5.04048088,0,11014,5.507E-16,3.7827191353,100,20.00238535,5.04048079,0,2.1740742907E-14,8.99999994530275E-08
250,1024,1E-19,0.2441,100,20.00243282,5.04048088,0,5507,5.507E-16,1.8771753311,100,20.00238535,5.04048079,0,2.1740742907E-14,8.99999994530275E-08
250,1024,5E-19,0.2441,100,20.02422459,5.04052482,0,1102,5.51E-16,0.3855428696,100,20.02417921,5.04052473,0,2.1752587405E-14,9.00000003412059E-08
250,1024,1E-18,0.2441,100,20.02422459,5.04052482,0,551,5.51E-16,0.1957724094,100,20.02417921,5.04052473,0,2.1752587405E-14,9.00000003412059E-08
250,1024,5E-18,0.2441,100,20.31478158,5.04111293,0,111,5.55E-16,0.0423569679,100,20.31473825,5.04111284,0,2.1910502297E-14,8.99999994530275E-08
250,1024,1E-17,0.2441,100,20.67797781,5.04185395,0,56,5.6E-16,0.0199735165,100,20.67793087,5.04185386,0,2.2107893135E-14,9.00000003412059E-08
250,1024,5E-17,0.2441,100,23.58354765,5.04801716,0,12,6E-16,0.0046765804,100,23.58350164,5.04801706,0,2.368703275E-14,9.99999993922528E-08
250,1024,1E-16,0.2441,100,23.58354765,5.04801716,0,6,6E-16,0.0025246143,100,23.58350164,5.04801706,0,2.368703275E-14,9.99999993922528E-08
250,1024,5E-16,0.2441,100,52.63924609,5.13227187,0,2,1E-15,0.0011479855,99.99998933,52.63922166,5.14204862,-0.09692744,3.9478944226E-14,0.096927642401517
250,2048,1E-20,0.1221,100,20.00025364,5.04047649,0,55067,5.507E-16,27.1238152981,100,20.00020596,5.04047639,0,2.1739558455E-14,9.99999993922528E-08
250,2048,5E-20,0.1221,100,20.00243282,5.04048088,0,11014,5.507E-16,5.4268391132,100,20.00238535,5.04048079,0,2.1740742907E-14,8.99999994530275E-08
250,2048,1E-19,0.1221,100,20.00243282,5.04048088,0,5507,5.507E-16,2.6946136951,100,20.00238535,5.04048079,0,2.1740742907E-14,8.99999994530275E-08
250,2048,5E-19,0.1221,100,20.02422459,5.04052482,0,1102,5.51E-16,0.5491547585,100,20.02417921,5.04052473,0,2.1752587405E-14,9.00000003412059E-08
250,2048,1E-18,0.1221,100,20.02422459,5.04052482,0,551,5.51E-16,0.272952795,100,20.02417921,5.04052473,0,2.1752587405E-14,9.00000003412059E-08
250,2048,5E-18,0.1221,100,20.31478158,5.04111293,0,111,5.55E-16,0.0576658249,100,20.31473825,5.04111284,0,2.1910502297E-14,8.99999994530275E-08
250,2048,1E-17,0.1221,100,20.67797781,5.04185395,0,56,5.6E-16,0.0307817459,100,20.67793087,5.04185386,0,2.2107893135E-14,9.00000003412059E-08
250,2048,5E-17,0.1221,100,23.58354765,5.04801716,0,12,6E-16,0.0065159798,100,23.58350164,5.04801706,0,2.368703275E-14,9.99999993922528E-08
250,2048,1E-16,0.1221,100,23.58354765,5.04801716,0,6,6E-16,0.0035643578,100,23.58350164,5.04801706,0,2.368703275E-14,9.99999993922528E-08
250,2048,5E-16,0.1221,100,52.63924609,5.13227187,0,2,1E-15,0.0015995502,99.99998933,52.63922166,5.14204862,-0.09692744,3.9478944226E-14,0.096927642401517
250,4096,1E-20,0.06104,100,20.00025364,5.04047649,0,55067,5.507E-16,42.2285284996,100,20.00020596,5.04047639,0,2.1739558454E-14,9.99999993922528E-08
250,4096,5E-20,0.06104,100,20.00243282,5.04048088,0,11014,5.507E-16,8.4377746582,100,20.00238535,5.04048079,0,2.1740742907E-14,8.99999994530275E-08
250,4096,1E-19,0.06104,100,20.00243282,5.04048088,0,5507,5.507E-16,4.2215356827,100,20.00238535,5.04048079,0,2.1740742907E-14,8.99999994530275E-08
250,4096,5E-19,0.06104,100,20.02422459,5.04052482,0,1102,5.51E-16,0.8515188694,100,20.02417921,5.04052473,0,2.1752587405E-14,9.00000003412059E-08
250,4096,1E-18,0.06104,100,20.02422459,5.04052482,0,551,5.51E-16,0.4360425472,100,20.02417921,5.04052473,0,2.1752587405E-14,9.00000003412059E-08
250,4096,5E-18,0.06104,100,20.31478158,5.04111293,0,111,5.55E-16,0.0925474167,100,20.31473825,5.04111284,0,2.1910502297E-14,8.99999994530275E-08
250,4096,1E-17,0.06104,100,20.67797781,5.04185395,0,56,5.6E-16,0.0501618385,100,20.67793087,5.04185386,0,2.2107893135E-14,9.00000003412059E-08
250,4096,5E-17,0.06104,100,23.58354765,5.04801716,0,12,6E-16,0.0102174282,100,23.58350164,5.04801706,0,2.368703275E-14,9.99999993922528E-08
250,4096,1E-16,0.06104,100,23.58354765,5.04801716,0,6,6E-16,0.0056500435,100,23.58350164,5.04801706,0,2.368703275E-14,9.99999993922528E-08
250,4096,5E-16,0.06104,100,52.63924609,5.13227187,0,2,1E-15,0.0028820038,99.99998933,52.63922166,5.14204862,-0.09692744,3.9478944226E-14,0.096927642401517
400,256,1E-20,1.562,99.99989389,20.00002498,7.75909956,-5.01661472,200713,2.007E-15,45.4226381779,100,19.99997728,5.04047593,0,2.173943417E-14,5.0626574015051
400,256,5E-20,1.562,99.99989388,20.00082231,7.75918909,-5.01675223,40145,2.007E-15,9.0160086155,100,20.00077468,5.04047754,0,2.1739867544E-14,5.06279728785199
400,256,1E-19,1.562,99.99989388,20.00181897,7.75930101,-5.01692411,20074,2.007E-15,4.526506424,100,20.00177144,5.04047955,0,2.1740409261E-14,5.06297213941585
400,256,5E-19,1.562,99.99989384,20.00779894,7.75997255,-5.01795532,4017,2.009E-15,0.9067094326,100,20.00775199,5.04049161,0,2.1743659562E-14,5.0640211836645
400,256,1E-18,1.562,99.99989378,20.01776556,7.76109186,-5.01967372,2010,2.01E-15,0.4588034153,100,20.01771956,5.0405117,0,2.1749076725E-14,5.06576932742353
400,256,5E-18,1.562,99.99989355,20.05763204,7.76557018,-5.02654372,404,2.02E-15,0.0957546234,100,20.05758968,5.04059214,0,2.1770745301E-14,5.07275854803562
400,256,1E-17,1.562,99.99989355,20.05763204,7.76557018,-5.02654372,203,2.03E-15,0.0504691601,100,20.05758968,5.04059214,0,2.1770745301E-14,5.07275854803562
400,256,5E-17,1.562,99.99988883,20.85496628,7.85549078,-5.16273306,43,2.15E-15,0.0098145008,100,20.85492484,5.04221734,0,2.2204086483E-14,5.21141642340083
400,256,1E-16,1.562,99.99988274,21.85164677,7.9688113,-5.32968183,23,2.3E-15,0.0053553581,100,21.85159747,5.04429313,0,2.2745765979E-14,5.38168402944721
400,256,5E-16,1.562,99.99982595,29.82564902,8.90661653,-6.53018779,7,3.5E-15,0.0017197132,100,29.82560264,5.06266482,0,2.7079531437E-14,6.6199870954337
400,512,1E-20,0.7812,100,20.00013424,5.49649297,0,197195,1.972E-15,53.2876021862,100,20.00008654,5.04047615,0,2.1739493555E-14,0.45601682
400,512,5E-20,0.7812,100,20.00053993,5.49650258,0,39441,1.972E-15,10.6487152576,100,20.00049228,5.04047697,0,2.1739714063E-14,0.456025609999999
400,512,1E-19,0.7812,100,20.00155417,5.49652662,0,19722,1.972E-15,5.2823159695,100,20.00150662,5.04047902,0,2.1740265334E-14,0.4560476
400,512,5E-19,0.7812,100,20.00155417,5.49652662,0,3946,1.973E-15,1.0737431049,100,20.00150662,5.04047902,0,2.1740265334E-14,0.4560476
400,512,1E-18,0.7812,100,20.00155417,5.49652662,0,1974,1.974E-15,0.5356276035,100,20.00150662,5.04047902,0,2.1740265334E-14,0.4560476
400,512,5E-18,0.7812,100,20.06240846,5.49797003,0,397,1.985E-15,0.1108477116,100,20.06236653,5.04060179,0,2.1773341417E-14,0.45736824
400,512,1E-17,0.7812,100,20.16383228,5.50037973,0,200,2E-15,0.056997776,100,20.16378347,5.04080678,0,2.182846083E-14,0.45957295
400,512,5E-17,0.7812,100,20.56952756,5.5100688,0,42,2.1E-15,0.012034893,100,20.56948045,5.0416319,0,2.2048951749E-14,0.4684369
400,512,1E-16,0.7812,100,20.56952756,5.5100688,0,22,2.2E-15,0.0123715401,100,20.56948045,5.0416319,0,2.2048951749E-14,0.4684369
400,512,5E-16,0.7812,100,20.56952756,5.5100688,0,6,3E-15,0.001843214,100,20.56948045,5.0416319,0,2.2048951749E-14,0.4684369
400,1024,1E-20,0.3906,100,20.00025364,5.04047649,0,55067,5.507E-16,19.1051185131,100,20.00020596,5.04047639,0,2.1739558455E-14,9.99999993922528E-08
400,1024,5E-20,0.3906,100,20.00243282,5.04048088,0,11014,5.507E-16,3.8547775745,100,20.00238535,5.04048079,0,2.1740742907E-14,8.99999994530275E-08
400,1024,1E-19,0.3906,100,20.00243282,5.04048088,0,5507,5.507E-16,1.9015908241,100,20.00238535,5.04048079,0,2.1740742907E-14,8.99999994530275E-08
400,1024,5E-19,0.3906,100,20.02422459,5.04052482,0,1102,5.51E-16,0.3915557861,100,20.02417921,5.04052473,0,2.1752587405E-14,9.00000003412059E-08
400,1024,1E-18,0.3906,100,20.02422459,5.04052482,0,551,5.51E-16,0.1958138943,100,20.02417921,5.04052473,0,2.1752587405E-14,9.00000003412059E-08
400,1024,5E-18,0.3906,100,20.31478158,5.04111293,0,111,5.55E-16,0.0412533283,100,20.31473825,5.04111284,0,2.1910502297E-14,8.99999994530275E-08
400,1024,1E-17,0.3906,100,20.67797781,5.04185395,0,56,5.6E-16,0.0217421055,100,20.67793087,5.04185386,0,2.2107893135E-14,9.00000003412059E-08
400,1024,5E-17,0.3906,100,23.58354765,5.04801716,0,12,6E-16,0.0046594143,100,23.58350164,5.04801706,0,2.368703275E-14,9.99999993922528E-08
400,1024,1E-16,0.3906,100,23.58354765,5.04801716,0,6,6E-16,0.0025031567,100,23.58350164,5.04801706,0,2.368703275E-14,9.99999993922528E-08
400,1024,5E-16,0.3906,100,52.63924609,5.13227187,0,2,1E-15,0.0011425018,99.99998933,52.63922166,5.14204862,-0.09692744,3.9478944226E-14,0.096927642401517
400,2048,1E-20,0.1953,100,20.00025364,5.04047649,0,55067,5.507E-16,26.7801167965,100,20.00020596,5.04047639,0,2.1739558455E-14,9.99999993922528E-08
400,2048,5E-20,0.1953,100,20.00243282,5.04048088,0,11014,5.507E-16,5.3057777882,100,20.00238535,5.04048079,0,2.1740742907E-14,8.99999994530275E-08
400,2048,1E-19,0.1953,100,20.00243282,5.04048088,0,5507,5.507E-16,2.679336071,100,20.00238535,5.04048079,0,2.1740742907E-14,8.99999994530275E-08
400,2048,5E-19,0.1953,100,20.02422459,5.04052482,0,1102,5.51E-16,0.5407803059,100,20.02417921,5.04052473,0,2.1752587405E-14,9.00000003412059E-08
400,2048,1E-18,0.1953,100,20.02422459,5.04052482,0,551,5.51E-16,0.2701919079,100,20.02417921,5.04052473,0,2.1752587405E-14,9.00000003412059E-08
400,2048,5E-18,0.1953,100,20.31478158,5.04111293,0,111,5.55E-16,0.0573785305,100,20.31473825,5.04111284,0,2.1910502297E-14,8.99999994530275E-08
400,2048,1E-17,0.1953,100,20.67797781,5.04185395,0,56,5.6E-16,0.03186059,100,20.67793087,5.04185386,0,2.2107893135E-14,9.00000003412059E-08
400,2048,5E-17,0.1953,100,23.58354765,5.04801716,0,12,6E-16,0.0064275265,100,23.58350164,5.04801706,0,2.368703275E-14,9.99999993922528E-08
400,2048,1E-16,0.1953,100,23.58354765,5.04801716,0,6,6E-16,0.0035836697,100,23.58350164,5.04801706,0,2.368703275E-14,9.99999993922528E-08
400,2048,5E-16,0.1953,100,52.63924609,5.13227187,0,2,1E-15,0.0016245842,99.99998933,52.63922166,5.14204862,-0.09692744,3.9478944226E-14,0.096927642401517
400,4096,1E-20,0.09766,100,20.00025364,5.04047649,0,55067,5.507E-16,42.6304545403,100,20.00020596,5.04047639,0,2.1739558455E-14,9.99999993922528E-08
400,4096,5E-20,0.09766,100,20.00243282,5.04048088,0,11014,5.507E-16,8.3963928223,100,20.00238535,5.04048079,0,2.1740742907E-14,8.99999994530275E-08
400,4096,1E-19,0.09766,100,20.00243282,5.04048088,0,5507,5.507E-16,4.2183127403,100,20.00238535,5.04048079,0,2.1740742907E-14,8.99999994530275E-08
400,4096,5E-19,0.09766,100,20.02422459,5.04052482,0,1102,5.51E-16,0.8500852585,100,20.02417921,5.04052473,0,2.1752587405E-14,9.00000003412059E-08
400,4096,1E-18,0.09766,100,20.02422459,5.04052482,0,551,5.51E-16,0.4289851189,100,20.02417921,5.04052473,0,2.1752587405E-14,9.00000003412059E-08
400,4096,5E-18,0.09766,100,20.31478158,5.04111293,0,111,5.55E-16,0.0900552273,100,20.31473825,5.04111284,0,2.1910502297E-14,8.99999994530275E-08
400,4096,1E-17,0.09766,100,20.67797781,5.04185395,0,56,5.6E-16,0.0480053425,100,20.67793087,5.04185386,0,2.2107893135E-14,9.00000003412059E-08
400,4096,5E-17,0.09766,100,23.58354765,5.04801716,0,12,6E-16,0.0104148388,100,23.58350164,5.04801706,0,2.368703275E-14,9.99999993922528E-08
400,4096,1E-16,0.09766,100,23.58354765,5.04801716,0,6,6E-16,0.0057048798,100,23.58350164,5.04801706,0,2.368703275E-14,9.99999993922528E-08
400,4096,5E-16,0.09766,100,52.63924609,5.13227187,0,2,1E-15,0.0026500225,99.99998933,52.63922166,5.14204862,-0.09692744,3.9478944226E-14,0.096927642401517
550,256,1E-20,2.148,100,20.00003015,10.22723615,0,770654,7.707E-15,174.3641326427,100,19.99998245,5.04047594,0,2.173943698E-14,5.18676021
550,256,5E-20,2.148,100,20.00008205,10.22724625,0,154131,7.707E-15,34.9201025963,100,20.00003436,5.04047605,0,2.1739465191E-14,5.1867702
550,256,1E-19,2.148,100,20.00034157,10.22729675,0,77066,7.707E-15,17.4186146259,100,20.0002939,5.04047657,0,2.1739606249E-14,5.18682018
550,256,5E-19,2.148,100,20.00241774,10.22770071,0,15414,7.707E-15,3.4615323544,100,20.00237026,5.04048076,0,2.1740734708E-14,5.18721995
550,256,1E-18,2.148,100,20.00241774,10.22770071,0,7707,7.707E-15,1.7409393787,100,20.00237026,5.04048076,0,2.1740734708E-14,5.18721995
550,256,5E-18,2.148,100,20.01798894,10.23073057,0,1542,7.71E-15,0.3493373394,100,20.01794296,5.04051215,0,2.1749198138E-14,5.19021842
550,256,1E-17,2.148,100,20.01798894,10.23073057,0,771,7.71E-15,0.178486824,100,20.01794296,5.04051215,0,2.1749198138E-14,5.19021842
550,256,5E-17,2.148,100,20.22560496,10.27115557,0,155,7.75E-15,0.0387215614,100,20.22556191,5.0409319,0,2.1862036089E-14,5.23022367
550,256,1E-16,2.148,100,20.48512499,10.32175632,0,78,7.8E-15,0.0179884434,100,20.48507953,5.04145957,0,2.2003080778E-14,5.28029675
550,256,5E-16,2.148,100,21.52320512,10.52491005,0,16,8E-15,0.0039942265,100,21.52316563,5.04360367,0,2.2567266369E-14,5.48130638
550,512,1E-20,1.074,100,20.00003673,10.43135308,0,790804,7.908E-15,214.8361217976,100,19.99998902,5.04047596,0,2.1739440554E-14,5.39087712
550,512,5E-20,1.074,100,20.00008731,10.43136324,0,158161,7.908E-15,42.8396704197,100,20.00003961,5.04047606,0,2.1739468047E-14,5.39088718
550,512,1E-19,1.074,100,20.00034022,10.43141404,0,79081,7.908E-15,21.479383707,100,20.00029254,5.04047657,0,2.173960551E-14,5.39093747
550,512,5E-19,1.074,100,20.00236348,10.43182046,0,15817,7.908E-15,4.2737941742,100,20.002316,5.04048065,0,2.1740705216E-14,5.39133981
550,512,1E-18,1.074,100,20.00489255,10.43232848,0,7909,7.909E-15,2.1470375061,100,20.00484532,5.04048575,0,2.1742079847E-14,5.39184273
550,512,5E-18,1.074,100,20.0099507,10.43334454,0,1582,7.91E-15,0.432312727,100,20.00990396,5.04049594,0,2.1744829109E-14,5.3928486
550,512,1E-17,1.074,100,20.0099507,10.43334454,0,791,7.91E-15,0.2184801102,100,20.00990396,5.04049594,0,2.1744829109E-14,5.3928486
550,512,5E-17,1.074,100,20.21227662,10.47401119,0,159,7.95E-15,0.0470745564,100,20.21223238,5.04090489,0,2.185479177E-14,5.4331063
550,512,1E-16,1.074,100,20.46518402,10.52491005,0,80,8E-15,0.0249798298,100,20.46513673,5.04141891,0,2.1992242304E-14,5.48349114
550,512,5E-16,1.074,100,20.46518402,10.52491005,0,16,8E-15,0.0047671795,100,20.46513673,5.04141891,0,2.1992242304E-14,5.48349114
550,1024,1E-20,0.5371,99.99999997,20.00028348,5.06012068,-0.03291627,63845,6.384E-16,21.5791099072,100,20.0002358,5.04047645,0,2.1739574671E-14,0.033400211507047
550,1024,5E-20,0.5371,99.99999997,20.00153656,5.06012442,-0.03291953,12771,6.385E-16,4.3188254833,100,20.001489,5.04047898,0,2.1740255762E-14,0.033403431427821
550,1024,1E-19,0.5371,99.99999997,20.00466927,5.06013378,-0.03292768,6387,6.387E-16,2.1943457127,100,20.00462202,5.0404853,0,2.1741958487E-14,0.033411483077343
550,1024,5E-19,0.5371,99.99999997,20.00466927,5.06013378,-0.03292768,1279,6.395E-16,0.4422755241,100,20.00462202,5.0404853,0,2.1741958487E-14,0.033411483077343
550,1024,1E-18,0.5371,99.99999997,20.03599635,5.06022738,-0.03300922,641,6.41E-16,0.2239580154,100,20.03595205,5.04054848,0,2.1758985697E-14,0.033492043825729
550,1024,5E-18,0.5371,99.99999997,20.0986505,5.06041481,-0.03317268,130,6.5E-16,0.0475683212,100,20.09860399,5.04067497,0,2.1793036413E-14,0.033653558197332
550,1024,1E-17,0.5371,99.99999997,20.0986505,5.06041481,-0.03317268,66,6.6E-16,0.0251083374,100,20.09860399,5.04067497,0,2.1793036413E-14,0.033653558197332
550,1024,5E-17,0.5371,99.99999997,20.72519203,5.06230477,-0.03483504,15,7.5E-16,0.0053946972,100,20.72514916,5.04195068,0,2.2133555244E-14,0.035297104136599
550,1024,1E-16,0.5371,99.99999997,23.85789979,5.0721817,-0.04392046,9,9E-16,0.0033762455,100,23.85785355,5.04862056,0,2.3836139429E-14,0.04430395518297
550,1024,5E-16,0.5371,99.99999993,42.65414917,5.14614819,-0.12853705,4,2E-15,0.0016963482,100,42.65410462,5.09873347,-1.34E-06,3.4051647102E-14,0.128710822604871
550,2048,1E-20,0.2686,100,20.00025364,5.04047649,0,55067,5.507E-16,26.6136140823,100,20.00020596,5.04047639,0,2.1739558455E-14,9.99999993922528E-08
550,2048,5E-20,0.2686,100,20.00243282,5.04048088,0,11014,5.507E-16,5.3243243694,100,20.00238535,5.04048079,0,2.1740742907E-14,8.99999994530275E-08
550,2048,1E-19,0.2686,100,20.00243282,5.04048088,0,5507,5.507E-16,2.7229337692,100,20.00238535,5.04048079,0,2.1740742907E-14,8.99999994530275E-08
550,2048,5E-19,0.2686,100,20.02422459,5.04052482,0,1102,5.51E-16,0.5419077873,100,20.02417921,5.04052473,0,2.1752587405E-14,9.00000003412059E-08
550,2048,1E-18,0.2686,100,20.02422459,5.04052482,0,551,5.51E-16,0.2747886181,100,20.02417921,5.04052473,0,2.1752587405E-14,9.00000003412059E-08
550,2048,5E-18,0.2686,100,20.31478158,5.04111293,0,111,5.55E-16,0.0599560738,100,20.31473825,5.04111284,0,2.1910502297E-14,8.99999994530275E-08
550,2048,1E-17,0.2686,100,20.67797781,5.04185395,0,56,5.6E-16,0.0314218998,100,20.67793087,5.04185386,0,2.2107893135E-14,9.00000003412059E-08
550,2048,5E-17,0.2686,100,23.58354765,5.04801716,0,12,6E-16,0.0065748692,100,23.58350164,5.04801706,0,2.368703275E-14,9.99999993922528E-08
550,2048,1E-16,0.2686,100,23.58354765,5.04801716,0,6,6E-16,0.0035917759,100,23.58350164,5.04801706,0,2.368703275E-14,9.99999993922528E-08
550,2048,5E-16,0.2686,100,52.63924609,5.13227187,0,2,1E-15,0.0016138554,99.99998933,52.63922166,5.14204862,-0.09692744,3.9478944226E-14,0.096927642401517
550,4096,1E-20,0.1343,100,20.00025364,5.04047649,0,55067,5.507E-16,42.9697995186,100,20.00020596,5.04047639,0,2.1739558454E-14,9.99999993922528E-08
550,4096,5E-20,0.1343,100,20.00243282,5.04048088,0,11014,5.507E-16,8.4857981205,100,20.00238535,5.04048079,0,2.1740742907E-14,8.99999994530275E-08
550,4096,1E-19,0.1343,100,20.00243282,5.04048088,0,5507,5.507E-16,4.2969136238,100,20.00238535,5.04048079,0,2.1740742907E-14,8.99999994530275E-08
550,4096,5E-19,0.1343,100,20.02422459,5.04052482,0,1102,5.51E-16,0.8530092239,100,20.02417921,5.04052473,0,2.1752587405E-14,9.00000003412059E-08
550,4096,1E-18,0.1343,100,20.02422459,5.04052482,0,551,5.51E-16,0.4398899078,100,20.02417921,5.04052473,0,2.1752587405E-14,9.00000003412059E-08
550,4096,5E-18,0.1343,100,20.31478158,5.04111293,0,111,5.55E-16,0.0934455395,100,20.31473825,5.04111284,0,2.1910502297E-14,8.99999994530275E-08
550,4096,1E-17,0.1343,100,20.67797781,5.04185395,0,56,5.6E-16,0.0506727695,100,20.67793087,5.04185386,0,2.2107893135E-14,9.00000003412059E-08
550,4096,5E-17,0.1343,100,23.58354765,5.04801716,0,12,6E-16,0.0105378628,100,23.58350164,5.04801706,0,2.368703275E-14,9.99999993922528E-08
550,4096,1E-16,0.1343,100,23.58354765,5.04801716,0,6,6E-16,0.0057456493,100,23.58350164,5.04801706,0,2.368703275E-14,9.99999993922528E-08
550,4096,5E-16,0.1343,100,52.63924609,5.13227187,0,2,1E-15,0.0026059151,99.99998933,52.63922166,5.14204862,-0.09692744,3.9478944226E-14,0.096927642401517
700,256,1E-20,2.734,100,20.0000148,8.40512562,-4.055E-05,583600,5.836E-15,131.3272337914,100,19.9999671,5.04047591,0,2.1739428638E-14,3.36464971
700,256,5E-20,2.734,100,20.00015188,8.40514423,-4.055E-05,116722,5.836E-15,26.4535934925,100,20.00010419,5.04047619,0,2.1739503146E-14,3.36466804
700,256,1E-19,2.734,100,20.00015188,8.40514423,-4.055E-05,58362,5.836E-15,13.091504097,100,20.00010419,5.04047619,0,2.1739503146E-14,3.36466804
700,256,5E-19,2.734,100,20.00015188,8.40514423,-4.055E-05,11674,5.837E-15,2.6159110069,100,20.00010419,5.04047619,0,2.1739503146E-14,3.36466804
700,256,1E-18,2.734,100,20.00015188,8.40514423,-4.055E-05,5838,5.838E-15,1.3138465881,100,20.00010419,5.04047619,0,2.1739503146E-14,3.36466804
700,256,5E-18,2.734,100,20.02756803,8.40886694,-4.059E-05,1170,5.85E-15,0.2652342319,100,20.02752295,5.04053147,0,2.175440466E-14,3.36833547
700,256,1E-17,2.734,100,20.02756803,8.40886694,-4.059E-05,586,5.86E-15,0.1346225739,100,20.02752295,5.04053147,0,2.175440466E-14,3.36833547
700,256,5E-17,2.734,100,20.09610838,8.41817766,-4.068E-05,119,5.95E-15,0.0291516781,100,20.09606163,5.04066984,0,2.1791654696E-14,3.37750782
700,256,1E-16,2.734,100,20.43881016,8.46481511,-4.112E-05,61,6.1E-15,0.0146021843,100,20.43876037,5.04136515,0,2.1977907333E-14,3.42344996
700,256,5E-16,2.734,100,21.12421373,8.55850208,-4.201E-05,14,7E-15,0.0033080578,100,21.12416444,5.04277324,0,2.2350415558E-14,3.51572884
700,512,1E-20,1.367,100,20.00014422,5.53320786,-2.99E-06,204711,2.047E-15,54.9326245785,100,20.00009652,5.04047617,0,2.1739498979E-14,0.49273169
700,512,5E-20,1.367,100,20.00092581,5.53322769,-2.99E-06,40943,2.047E-15,10.8964483738,100,20.00087819,5.04047775,0,2.17399238E-14,0.49274994
700,512,1E-19,1.367,100,20.0019028,5.53325248,-2.99E-06,20472,2.047E-15,5.4699072838,100,20.00185528,5.04047972,0,2.1740454825E-14,0.492772759999999
700,512,5E-19,1.367,100,20.00776474,5.53340125,-2.99E-06,4095,2.048E-15,1.0965156555,100,20.00771779,5.04049154,0,2.1743640976E-14,0.49290971
700,512,1E-18,1.367,100,20.01753465,5.53364923,-2.99E-06,2048,2.048E-15,0.5539443493,100,20.01748863,5.04051124,0,2.174895122E-14,0.49313799
700,512,5E-18,1.367,100,20.05661427,5.53464165,-3E-06,410,2.05E-15,0.112893343,100,20.05657183,5.04059009,0,2.1770192119E-14,0.49405156
700,512,1E-17,1.367,100,20.05661427,5.53464165,-3E-06,205,2.05E-15,0.05753088,100,20.05657183,5.04059009,0,2.1770192119E-14,0.49405156
700,512,5E-17,1.367,100,20.05661427,5.53464165,-3E-06,41,2.05E-15,0.0114068985,100,20.05657183,5.04059009,0,2.1770192119E-14,0.49405156
700,512,1E-16,1.367,100,21.03360487,5.559708,-3.21E-06,21,2.1E-15,0.0059492588,100,21.03355863,5.04258577,0,2.2301172138E-14,0.51712223
700,512,5E-16,1.367,100,28.8495296,5.7772269,-5.08E-06,5,2.5E-15,0.0017006397,100,28.84949909,5.06024808,0,2.6549028686E-14,0.71697882
700,1024,1E-20,0.6836,100,20.00002233,5.18577248,0,118825,1.188E-15,41.2802088261,100,19.99997463,5.04047593,0,2.1739432731E-14,0.145296549999999
700,1024,5E-20,0.6836,100,20.0006956,5.18577862,0,23767,1.188E-15,8.3025269508,100,20.00064796,5.04047728,0,2.1739798675E-14,0.14530134
700,1024,1E-19,0.6836,100,20.00237878,5.18579398,0,11885,1.188E-15,4.1086175442,100,20.00233131,5.04048068,0,2.1740713535E-14,0.1453133
700,1024,5E-19,0.6836,100,20.00911149,5.1858554,0,2379,1.19E-15,0.8290345669,100,20.00906467,5.04049425,0,2.1744372972E-14,0.14536115
700,1024,1E-18,0.6836,100,20.02594326,5.18600901,0,1191,1.191E-15,0.4155118465,100,20.02589803,5.0405282,0,2.1753521549E-14,0.14548081
700,1024,5E-18,0.6836,100,20.05960679,5.1863164,0,240,1.2E-15,0.0871050358,100,20.05956461,5.04059613,0,2.1771818633E-14,0.14572027
700,1024,1E-17,0.6836,100,20.05960679,5.1863164,0,121,1.21E-15,0.0452144146,100,20.05956461,5.04059613,0,2.1771818633E-14,0.14572027
700,1024,5E-17,0.6836,100,20.39624214,5.18940353,0,26,1.3E-15,0.0094373226,100,20.39619757,5.04127847,0,2.1954774499E-14,0.14812506
700,1024,1E-16,0.6836,100,20.39624214,5.18940353,0,14,1.4E-15,0.0051982403,100,20.39619757,5.04127847,0,2.1954774499E-14,0.14812506
700,1024,5E-16,0.6836,100,30.49530268,5.2929654,0,5,2.5E-15,0.0020651817,100,30.49527301,5.06434983,0,2.7443484182E-14,0.22861557
700,2048,1E-20,0.3418,100,20.00025364,5.04047649,0,55067,5.507E-16,27.0437705517,100,20.00020596,5.04047639,0,2.1739558454E-14,9.99999993922528E-08
700,2048,5E-20,0.3418,100,20.00243282,5.04048088,0,11014,5.507E-16,5.3049018383,100,20.00238535,5.04048079,0,2.1740742907E-14,8.99999994530275E-08
700,2048,1E-19,0.3418,100,20.00243282,5.04048088,0,5507,5.507E-16,2.6771931648,100,20.00238535,5.04048079,0,2.1740742907E-14,8.99999994530275E-08
700,2048,5E-19,0.3418,100,20.02422459,5.04052482,0,1102,5.51E-16,0.5477452278,100,20.02417921,5.04052473,0,2.1752587405E-14,9.00000003412059E-08
700,2048,1E-18,0.3418,100,20.02422459,5.04052482,0,551,5.51E-16,0.2770657539,100,20.02417921,5.04052473,0,2.1752587405E-14,9.00000003412059E-08
700,2048,5E-18,0.3418,100,20.31478158,5.04111293,0,111,5.55E-16,0.0579924583,100,20.31473825,5.04111284,0,2.1910502297E-14,8.99999994530275E-08
700,2048,1E-17,0.3418,100,20.67797781,5.04185395,0,56,5.6E-16,0.0315957069,100,20.67793087,5.04185386,0,2.2107893135E-14,9.00000003412059E-08
700,2048,5E-17,0.3418,100,23.58354765,5.04801716,0,12,6E-16,0.0066740513,100,23.58350164,5.04801706,0,2.368703275E-14,9.99999993922528E-08
700,2048,1E-16,0.3418,100,23.58354765,5.04801716,0,6,6E-16,0.0036072731,100,23.58350164,5.04801706,0,2.368703275E-14,9.99999993922528E-08
700,2048,5E-16,0.3418,100,52.63924609,5.13227187,0,2,1E-15,0.0016608238,99.99998933,52.63922166,5.14204862,-0.09692744,3.9478944226E-14,0.096927642401517
700,4096,1E-20,0.1709,100,20.00025364,5.04047649,0,55067,5.507E-16,42.7727403641,100,20.00020596,5.04047639,0,2.1739558454E-14,9.99999993922528E-08
700,4096,5E-20,0.1709,100,20.00243282,5.04048088,0,11014,5.507E-16,8.4508771896,100,20.00238535,5.04048079,0,2.1740742907E-14,8.99999994530275E-08
700,4096,1E-19,0.1709,100,20.00243282,5.04048088,0,5507,5.507E-16,4.2190828323,100,20.00238535,5.04048079,0,2.1740742907E-14,8.99999994530275E-08
700,4096,5E-19,0.1709,100,20.02422459,5.04052482,0,1102,5.51E-16,0.8637850285,100,20.02417921,5.04052473,0,2.1752587405E-14,9.00000003412059E-08
700,4096,1E-18,0.1709,100,20.02422459,5.04052482,0,551,5.51E-16,0.4238512516,100,20.02417921,5.04052473,0,2.1752587405E-14,9.00000003412059E-08
700,4096,5E-18,0.1709,100,20.31478158,5.04111293,0,111,5.55E-16,0.0919103622,100,20.31473825,5.04111284,0,2.1910502297E-14,8.99999994530275E-08
700,4096,1E-17,0.1709,100,20.67797781,5.04185395,0,56,5.6E-16,0.048507452,100,20.67793087,5.04185386,0,2.2107893135E-14,9.00000003412059E-08
700,4096,5E-17,0.1709,100,23.58354765,5.04801716,0,12,6E-16,0.0103697777,100,23.58350164,5.04801706,0,2.368703275E-14,9.99999993922528E-08
700,4096,1E-16,0.1709,100,23.58354765,5.04801716,0,6,6E-16,0.0056421757,100,23.58350164,5.04801706,0,2.368703275E-14,9.99999993922528E-08
700,4096,5E-16,0.1709,100,52.63924609,5.13227187,0,2,1E-15,0.0025672913,99.99998933,52.63922166,5.14204862,-0.09692744,3.9478944226E-14,0.096927642401517
850,256,1E-20,3.32,99.99999672,20.0000512,8.54084905,-0.94796309,558607,5.586E-15,126.0613124371,100,20.00000349,5.04047599,0,2.1739448418E-14,3.5013923010067
850,256,5E-20,3.32,99.99999672,20.00026602,8.54087919,-0.94796893,111722,5.586E-15,25.0687167645,100,20.00021834,5.04047642,0,2.1739565181E-14,3.50142200780531
850,256,1E-19,3.32,99.99999672,20.00026602,8.54087919,-0.94796893,55861,5.586E-15,12.5696949959,100,20.00021834,5.04047642,0,2.1739565181E-14,3.50142200780531
850,256,5E-19,3.32,99.99999671,20.0031303,8.54128109,-0.94804669,11173,5.587E-15,2.5159270763,100,20.0030829,5.04048219,0,2.1741122012E-14,3.50181809456151
850,256,1E-18,3.32,99.99999671,20.00671066,8.54178348,-0.94814389,5587,5.587E-15,1.2529351711,100,20.00666361,5.04048941,0,2.1743068049E-14,3.50231321052575
850,256,5E-18,3.32,99.99999671,20.02819282,8.54479813,-0.94872685,1118,5.59E-15,0.254234314,100,20.0281478,5.04053273,0,2.1754744254E-14,3.50528421530916
850,256,1E-17,3.32,99.99999671,20.02819282,8.54479813,-0.94872685,559,5.59E-15,0.1287157536,100,20.0281478,5.04053273,0,2.1754744254E-14,3.50528421530916
850,256,5E-17,3.32,99.9999967,20.09980001,8.55485097,-0.95066729,112,5.6E-15,0.0277872086,100,20.0997536,5.0406773,0,2.1793661205E-14,3.5151913900316
850,256,1E-16,3.32,99.9999967,20.09980001,8.55485097,-0.95066729,56,5.6E-15,0.013086319,100,20.0997536,5.0406773,0,2.1793661205E-14,3.5151913900316
850,256,5E-16,3.32,99.99999619,22.9640889,8.96176372,-1.02484039,12,6E-15,0.0030474663,100,22.96404954,5.04666809,0,2.3350367717E-14,3.91605752631238
850,512,1E-20,1.66,100,20.00011806,5.89620021,-2.39E-06,269933,2.699E-15,72.2209718227,100,20.00007036,5.04047612,0,2.173948476E-14,0.85572409
850,512,5E-20,1.66,100,20.0007108,5.89622475,-2.39E-06,53989,2.699E-15,14.3661210537,100,20.00066317,5.04047732,0,2.1739806936E-14,0.85574743
850,512,1E-19,1.66,100,20.00145174,5.89625543,-2.39E-06,26996,2.7E-15,7.1784398556,100,20.00140417,5.04047881,0,2.1740209656E-14,0.85577662
850,512,5E-19,1.66,100,20.0029336,5.89631679,-2.39E-06,5401,2.701E-15,1.4507448673,100,20.00288618,5.0404818,0,2.1741015097E-14,0.85583499
850,512,1E-18,1.66,100,20.01034292,5.8966236,-2.39E-06,2702,2.702E-15,0.7200577259,100,20.01029622,5.04049673,0,2.1745042295E-14,0.85612687
850,512,5E-18,1.66,100,20.01034292,5.8966236,-2.39E-06,542,2.71E-15,0.147919178,100,20.01029622,5.04049673,0,2.1745042295E-14,0.85612687
850,512,1E-17,1.66,100,20.01034292,5.8966236,-2.39E-06,272,2.72E-15,0.0752205849,100,20.01029622,5.04049673,0,2.1745042295E-14,0.85612687
850,512,5E-17,1.66,100,20.01034292,5.8966236,-2.39E-06,56,2.8E-15,0.0167908669,100,20.01029622,5.04049673,0,2.1745042295E-14,0.85612687
850,512,1E-16,1.66,100,20.01034292,5.8966236,-2.39E-06,29,2.9E-15,0.0079724789,100,20.01029622,5.04049673,0,2.1745042295E-14,0.85612687
850,512,5E-16,1.66,100,24.45593658,6.08785169,-3.08E-06,8,4E-15,0.0023634434,100,24.45588918,5.04994896,0,2.4161164088E-14,1.03790273
850,1024,1E-20,0.8301,100,20.00009679,5.88670925,0,268383,2.684E-15,92.7452497482,100,20.0000491,5.04047608,0,2.1739473202E-14,0.84623317
850,1024,5E-20,0.8301,100,20.00069296,5.88673369,0,53679,2.684E-15,19.2592644691,100,20.00064532,5.04047728,0,2.1739797239E-14,0.84625641
850,1024,1E-19,0.8301,100,20.00143817,5.88676424,0,26841,2.684E-15,9.2943339348,100,20.00139061,5.04047878,0,2.1740202285E-14,0.84628546
850,1024,5E-19,0.8301,100,20.0029286,5.88682535,0,5370,2.685E-15,1.8665642738,100,20.00288117,5.04048179,0,2.1741012377E-14,0.84634356
850,1024,1E-18,0.8301,100,20.0029286,5.88682535,0,2686,2.686E-15,0.9292223454,100,20.00288117,5.04048179,0,2.1741012377E-14,0.84634356
850,1024,5E-18,0.8301,100,20.01783282,5.88743648,0,539,2.695E-15,0.1901984215,100,20.01778683,5.04051184,0,2.1749113282E-14,0.84692464
850,1024,1E-17,0.8301,100,20.09235392,5.89049459,0,271,2.71E-15,0.0973219872,100,20.09230681,5.04066225,0,2.178961403E-14,0.849832340000001
850,1024,5E-17,0.8301,100,20.24139613,5.89662311,0,56,2.8E-15,0.0222871304,100,20.24135445,5.04096391,0,2.1870619E-14,0.8556592
850,1024,1E-16,0.8301,100,20.24139613,5.89662311,0,29,2.9E-15,0.0104758739,100,20.24135445,5.04096391,0,2.1870619E-14,0.8556592
850,1024,5E-16,0.8301,100,24.71266236,6.0878511,0,8,4E-15,0.0031161308,100,24.71262687,5.05052465,0,2.4300695556E-14,1.03732645
850,2048,1E-20,0.415,100,20.00025364,5.04047649,0,55067,5.507E-16,26.6951105595,100,20.00020596,5.04047639,0,2.1739558454E-14,9.99999993922528E-08
850,2048,5E-20,0.415,100,20.00243282,5.04048088,0,11014,5.507E-16,5.3656482697,100,20.00238535,5.04048079,0,2.1740742907E-14,8.99999994530275E-08
850,2048,1E-19,0.415,100,20.00243282,5.04048088,0,5507,5.507E-16,2.6968665123,100,20.00238535,5.04048079,0,2.1740742907E-14,8.99999994530275E-08
850,2048,5E-19,0.415,100,20.02422459,5.04052482,0,1102,5.51E-16,0.5412232876,100,20.02417921,5.04052473,0,2.1752587405E-14,9.00000003412059E-08
850,2048,1E-18,0.415,100,20.02422459,5.04052482,0,551,5.51E-16,0.2766189575,100,20.02417921,5.04052473,0,2.1752587405E-14,9.00000003412059E-08
850,2048,5E-18,0.415,100,20.31478158,5.04111293,0,111,5.55E-16,0.0577042103,100,20.31473825,5.04111284,0,2.1910502297E-14,8.99999994530275E-08
850,2048,1E-17,0.415,100,20.67797781,5.04185395,0,56,5.6E-16,0.0311143398,100,20.67793087,5.04185386,0,2.2107893135E-14,9.00000003412059E-08
850,2048,5E-17,0.415,100,23.58354765,5.04801716,0,12,6E-16,0.0065152645,100,23.58350164,5.04801706,0,2.368703275E-14,9.99999993922528E-08
850,2048,1E-16,0.415,100,23.58354765,5.04801716,0,6,6E-16,0.0036139488,100,23.58350164,5.04801706,0,2.368703275E-14,9.99999993922528E-08
850,2048,5E-16,0.415,100,52.63924609,5.13227187,0,2,1E-15,0.0016343594,99.99998933,52.63922166,5.14204862,-0.09692744,3.9478944226E-14,0.096927642401517
850,4096,1E-20,0.2075,100,20.00025364,5.04047649,0,55067,5.507E-16,42.4955272675,100,20.00020596,5.04047639,0,2.1739558455E-14,9.99999993922528E-08
850,4096,5E-20,0.2075,100,20.00243282,5.04048088,0,11014,5.507E-16,8.358080864,100,20.00238535,5.04048079,0,2.1740742907E-14,8.99999994530275E-08
850,4096,1E-19,0.2075,100,20.00243282,5.04048088,0,5507,5.507E-16,4.2703616619,100,20.00238535,5.04048079,0,2.1740742907E-14,8.99999994530275E-08
850,4096,5E-19,0.2075,100,20.02422459,5.04052482,0,1102,5.51E-16,0.8651969433,100,20.02417921,5.04052473,0,2.1752587405E-14,9.00000003412059E-08
850,4096,1E-18,0.2075,100,20.02422459,5.04052482,0,551,5.51E-16,0.4320027828,100,20.02417921,5.04052473,0,2.1752587405E-14,9.00000003412059E-08
850,4096,5E-18,0.2075,100,20.31478158,5.04111293,0,111,5.55E-16,0.0915203094,100,20.31473825,5.04111284,0,2.1910502297E-14,8.99999994530275E-08
850,4096,1E-17,0.2075,100,20.67797781,5.04185395,0,56,5.6E-16,0.0485816002,100,20.67793087,5.04185386,0,2.2107893135E-14,9.00000003412059E-08
850,4096,5E-17,0.2075,100,23.58354765,5.04801716,0,12,6E-16,0.0103037357,100,23.58350164,5.04801706,0,2.368703275E-14,9.99999993922528E-08
850,4096,1E-16,0.2075,100,23.58354765,5.04801716,0,6,6E-16,0.0055823326,100,23.58350164,5.04801706,0,2.368703275E-14,9.99999993922528E-08
850,4096,5E-16,0.2075,100,52.63924609,5.13227187,0,2,1E-15,0.0025856495,99.99998933,52.63922166,5.14204862,-0.09692744,3.9478944226E-14,0.096927642401517
1000,256,1E-20,3.906,100.00000001,20.00001091,30.20604987,-1E-08,2573204,2.573E-14,577.3352310658,100,19.9999632,5.0404759,0,2.1739426519E-14,25.16557397
1000,256,5E-20,3.906,100,20.00005754,30.20608412,-1E-08,514643,2.573E-14,115.4302873611,100,20.00000984,5.040476,0,2.1739451867E-14,25.16560812
1000,256,1E-19,3.906,100,20.00013527,30.20614121,-1E-08,257323,2.573E-14,57.7619452477,100,20.00008757,5.04047615,0,2.1739494113E-14,25.16566506
1000,256,5E-19,3.906,100,20.00075706,30.20659789,-1E-08,51467,2.573E-14,11.5182440281,100,20.00070943,5.04047741,0,2.1739832078E-14,25.16612048
1000,256,1E-18,3.906,100,20.0015343,30.20716874,-1E-08,25735,2.574E-14,5.7996411324,100,20.00148674,5.04047898,0,2.1740254533E-14,25.16668976
1000,256,5E-18,3.906,100,20.00464327,30.20945216,-1E-08,5149,2.575E-14,1.1716942787,100,20.00459601,5.04048524,0,2.1741944355E-14,25.16896692
1000,256,1E-17,3.906,100,20.01241569,30.21516072,-1E-08,2576,2.576E-14,0.5826458931,100,20.01236918,5.04050091,0,2.1746168907E-14,25.17465981
1000,256,5E-17,3.906,100,20.02796053,30.22657794,-1E-08,517,2.585E-14,0.1213536263,100,20.02791549,5.04053227,0,2.1754617996E-14,25.18604567
1000,256,1E-16,3.906,100,20.10568472,30.28366584,-1E-08,260,2.6E-14,0.0634558201,100,20.10563888,5.04068919,0,2.1796859725E-14,25.24297665
1000,256,5E-16,3.906,100,20.4165815,30.51204745,-1E-08,54,2.7E-14,0.0124640465,100,20.41653871,5.04131989,0,2.1965829473E-14,25.47072756
1000,512,1E-20,1.953,100.00000001,20.0000163,27.69514837,0,2352997,2.353E-14,634.7214200497,100,19.99996859,5.04047592,0,2.1739429452E-14,22.65467245
1000,512,5E-20,1.953,100,20.0000163,27.69514837,0,470601,2.353E-14,127.4793262482,100,19.99996859,5.04047592,0,2.1739429452E-14,22.65467245
1000,512,1E-19,1.953,100,20.0001013,27.6952053,0,235302,2.353E-14,64.4399933815,100,20.0000536,5.04047609,0,2.1739475651E-14,22.65472921
1000,512,5E-19,1.953,100,20.0001013,27.6952053,0,47062,2.353E-14,12.7333011627,100,20.0000536,5.04047609,0,2.1739475651E-14,22.65472921
1000,512,1E-18,1.953,100,20.0001013,27.6952053,0,23532,2.353E-14,6.3019063473,100,20.0000536,5.04047609,0,2.1739475651E-14,22.65472921
1000,512,5E-18,1.953,100,20.0001013,27.6952053,0,4708,2.354E-14,1.2781660557,100,20.0000536,5.04047609,0,2.1739475651E-14,22.65472921
1000,512,1E-17,1.953,100,20.0001013,27.6952053,0,2355,2.355E-14,0.637169838,100,20.0000536,5.04047609,0,2.1739475651E-14,22.65472921
1000,512,5E-17,1.953,100,20.03410053,27.71797869,0,473,2.365E-14,0.1319327354,100,20.03405606,5.04054465,0,2.175795527E-14,22.67743404
1000,512,1E-16,1.953,100,20.11909862,27.77491492,0,238,2.38E-14,0.0672740936,100,20.11905402,5.0407163,0,2.1804150573E-14,22.73419862
1000,512,5E-16,1.953,100,20.79908335,28.23054345,0,50,2.5E-14,0.0138418674,100,20.7990373,5.0421024,0,2.2173712819E-14,23.18844105
1000,1024,1E-20,0.9766,100.00000001,20.0000176,26.59654381,0,2256447,2.256E-14,780.8240017891,100,19.99996989,5.04047592,0,2.1739430157E-14,21.55606789
1000,1024,5E-20,0.9766,100,20.0000176,26.59654381,0,451291,2.256E-14,155.6725342274,100,19.99996989,5.04047592,0,2.1739430157E-14,21.55606789
1000,1024,1E-19,0.9766,100,20.00010623,26.59660066,0,225647,2.256E-14,77.2006006241,100,20.00005854,5.0404761,0,2.1739478333E-14,21.55612456
1000,1024,5E-19,0.9766,100,20.00010623,26.59660066,0,45131,2.257E-14,15.50918293,100,20.00005854,5.0404761,0,2.1739478333E-14,21.55612456
1000,1024,1E-18,0.9766,100,20.00099258,26.59716918,0,22567,2.257E-14,7.8915331364,100,20.00094497,5.04047788,0,2.1739960093E-14,21.5566913
1000,1024,5E-18,0.9766,100,20.00099258,26.59716918,0,4515,2.258E-14,1.5613913536,100,20.00094497,5.04047788,0,2.1739960093E-14,21.5566913
1000,1024,1E-17,0.9766,100,20.00985609,26.60285438,0,2259,2.259E-14,0.7901537418,100,20.00980934,5.04049575,0,2.1744777686E-14,21.56235863
1000,1024,5E-17,0.9766,100,20.06303711,26.63696653,0,454,2.27E-14,0.1621620655,100,20.06299523,5.04060305,0,2.1773683104E-14,21.59636348
1000,1024,1E-16,0.9766,100,20.06303711,26.63696653,0,228,2.28E-14,0.0828278065,100,20.06299523,5.04060305,0,2.1773683104E-14,21.59636348
1000,1024,5E-16,0.9766,100,20.77211741,27.09194529,0,48,2.4E-14,0.0171735287,100,20.77206898,5.04204699,0,2.2159056131E-14,22.0498983
1000,2048,1E-20,0.4883,99.99999209,20.00004181,22.40160594,-3.35028261,62638,6.264E-16,29.7813441753,100,19.9999941,5.04047597,0,2.1739443315E-14,17.3620591048984
1000,2048,5E-20,0.4883,99.99999209,20.0013191,22.40228535,-3.35030331,12528,6.264E-16,5.9394028187,100,20.00127152,5.04047854,0,2.1740137566E-14,17.3627358287356
1000,2048,1E-19,0.4883,99.99999209,20.0013191,22.40228535,-3.35030331,6264,6.264E-16,3.1177175045,100,20.00127152,5.04047854,0,2.1740137566E-14,17.3627358287356
1000,2048,5E-19,0.4883,99.99999209,20.00770558,22.40568244,-3.35040679,1253,6.265E-16,0.6017699242,100,20.00765862,5.04049142,0,2.1743608818E-14,17.3661194581915
1000,2048,1E-18,0.4883,99.99999207,20.03963798,22.4226683,-3.35092352,627,6.27E-16,0.3084352016,100,20.03959402,5.04055583,0,2.176096503E-14,17.3830380119384
1000,2048,5E-18,0.4883,99.999992,20.23123247,22.5245973,-3.3540013,126,6.3E-16,0.0685768127,100,20.23118991,5.04094331,0,2.186509479E-14,17.4845623796719
1000,2048,1E-17,0.4883,99.999992,20.23123247,22.5245973,-3.3540013,63,6.3E-16,0.0340316296,100,20.23118991,5.04094331,0,2.186509479E-14,17.4845623796719
1000,2048,5E-17,0.4883,99.99999147,21.50853365,23.20471059,-3.37357119,13,6.5E-16,0.0067753792,100,21.50849315,5.04357299,0,2.2559292187E-14,18.1619408833726
1000,2048,1E-16,0.4883,99.99999008,24.7018216,24.90900346,-3.41614727,7,7E-16,0.0040464401,100,24.70178567,5.05050027,0,2.4294803584E-14,19.859101464797
1000,2048,5E-16,0.4883,99.99997937,43.862662,35.21081894,-3.56083631,2,1E-15,0.0016181469,100,43.86263154,5.10254097,-6.42E-06,3.4708460206E-14,30.1084172980127
1000,4096,1E-20,0.2441,100,20.00025364,5.04047649,0,55067,5.507E-16,41.5574574471,100,20.00020596,5.04047639,0,2.1739558455E-14,9.99999993922528E-08
1000,4096,5E-20,0.2441,100,20.00243282,5.04048088,0,11014,5.507E-16,8.4290623665,100,20.00238535,5.04048079,0,2.1740742907E-14,8.99999994530275E-08
1000,4096,1E-19,0.2441,100,20.00243282,5.04048088,0,5507,5.507E-16,4.2519352436,100,20.00238535,5.04048079,0,2.1740742907E-14,8.99999994530275E-08
1000,4096,5E-19,0.2441,100,20.02422459,5.04052482,0,1102,5.51E-16,0.8659861088,100,20.02417921,5.04052473,0,2.1752587405E-14,9.00000003412059E-08
1000,4096,1E-18,0.2441,100,20.02422459,5.04052482,0,551,5.51E-16,0.429867506,100,20.02417921,5.04052473,0,2.1752587405E-14,9.00000003412059E-08
1000,4096,5E-18,0.2441,100,20.31478158,5.04111293,0,111,5.55E-16,0.0892951488,100,20.31473825,5.04111284,0,2.1910502297E-14,8.99999994530275E-08
1000,4096,1E-17,0.2441,100,20.67797781,5.04185395,0,56,5.6E-16,0.0469517708,100,20.67793087,5.04185386,0,2.2107893135E-14,9.00000003412059E-08
1000,4096,5E-17,0.2441,100,23.58354765,5.04801716,0,12,6E-16,0.0102751255,100,23.58350164,5.04801706,0,2.368703275E-14,9.99999993922528E-08
1000,4096,1E-16,0.2441,100,23.58354765,5.04801716,0,6,6E-16,0.0057098866,100,23.58350164,5.04801706,0,2.368703275E-14,9.99999993922528E-08
1000,4096,5E-16,0.2441,100,52.63924609,5.13227187,0,2,1E-15,0.0025289059,99.99998933,52.63922166,5.14204862,-0.09692744,3.9478944226E-14,0.096927642401517
